9TH5IN,5,https://www.sdvx.in/05/05189m.htm
ANGER of the GOD,5,https://www.sdvx.in/05/05180m.htm
ENDYMION,5,https://www.sdvx.in/05/05193m.htm
Ghost Family Living In Graveyard,5,https://www.sdvx.in/05/05119m.htm
Lancelot 〜Flame of the Rebellion〜,5,https://www.sdvx.in/05/05118m.htm
OUTERHEΛVEN,5,https://www.sdvx.in/05/05154m.htm
ЯeviveR,5,https://www.sdvx.in/05/05188m.htm
TENKAICHI ULTIMATE BOSSRUSH MEDLEY,5,https://www.sdvx.in/05/05055m.htm
THE凸GENERATOR,5,https://www.sdvx.in/05/05074m.htm
Trill auf G,5,https://www.sdvx.in/05/05134m.htm
voltississimo,5,https://www.sdvx.in/05/05133m.htm
θコトノハθカプセルθ,5,https://www.sdvx.in/05/05155m.htm
色を喪った街,5,https://www.sdvx.in/05/05187m.htm
A Lasting Promise,4,https://www.sdvx.in/04/04236m.htm
Absolute Domination,4,https://www.sdvx.in/04/04324m.htm
Awakening,4,https://www.sdvx.in/04/04242m.htm
BELOBOG,4,https://www.sdvx.in/04/04262m.htm
Chrono Diver -PENDULUMs-,4,https://www.sdvx.in/04/04290m.htm
Cross Fire,4,https://www.sdvx.in/04/04403m.htm
Deadly force,4,https://www.sdvx.in/04/04135m.htm
Dyscontrolled Galaxy,4,https://www.sdvx.in/04/04137m.htm
Elemental Creation,4,https://www.sdvx.in/04/04368m.htm
Failnaught,4,https://www.sdvx.in/04/04323m.htm
Fin.ArcDeaR,4,https://www.sdvx.in/04/04056m.htm
Fly Like You,4,https://www.sdvx.in/04/04322m.htm
FREEDOM DiVE,4,https://www.sdvx.in/04/04312m.htm
GERBERA -For Finalists-,4,https://www.sdvx.in/04/04229m.htm
GODHEART,4,https://www.sdvx.in/04/04402m.htm
Immortal saga,4,https://www.sdvx.in/04/04055m.htm
"KAC 2013 ULTIMATE MEDLEY
-HISTORIA SOUND VOLTEX- Empress Side",4,https://www.sdvx.in/04/04205m.htm
Last Resort,4,https://www.sdvx.in/04/04237m.htm
Sailing Force,4,https://www.sdvx.in/04/04069m.htm
Staring at star,4,https://www.sdvx.in/04/04134m.htm
TWO-TORIAL,4,https://www.sdvx.in/04/04195m.htm
X?roa,4,https://www.sdvx.in/04/04243m.htm
セイレーン 〜悲壮の竪琴〜,4,https://www.sdvx.in/04/04132m.htm
逆月,4,https://www.sdvx.in/04/04369m.htm
FLOWER,3,https://www.sdvx.in/04/03176h.htm
Got more raves？,3,https://www.sdvx.in/04/03177h.htm
きたさいたま2000,3,https://www.sdvx.in/04/03179h.htm
極圏,3,https://www.sdvx.in/04/03394h.htm
ΑΩ,3,https://www.sdvx.in/03/03148g.htm
Blastix Riotz,3,https://www.sdvx.in/03/03149g.htm
DIABLOSIS::N?ga,3,https://www.sdvx.in/03/03359g.htm
Everlasting Message,3,https://www.sdvx.in/03/03075g.htm
FL?geL《Λrp:Σggy?》,3,https://www.sdvx.in/03/03368g.htm
"KAC 2013 ULTIMATE MEDLEY
-HISTORIA SOUND VOLTEX- Emperor Side",3,https://www.sdvx.in/03/03263g.htm
Lord=Crossight,3,https://www.sdvx.in/03/03360g.htm
Preserved Valkyria,3,https://www.sdvx.in/03/03150g.htm
XyHATTE,3,https://www.sdvx.in/03/03151g.htm
月光乱舞,3,https://www.sdvx.in/03/03198g.htm
Innocent Tempest,2,https://www.sdvx.in/05/02221v.htm
ラクガキスト,2,https://www.sdvx.in/05/02056v.htm
音楽 -resolve-,2,https://www.sdvx.in/05/02082v.htm
Booths of Fighters,2,https://www.sdvx.in/04/02112h.htm
For UltraPlayers,2,https://www.sdvx.in/04/02168h.htm
INSECTICIDE,2,https://www.sdvx.in/04/02277h.htm
Quietus Ray,2,https://www.sdvx.in/04/02113h.htm
Verse IV,2,https://www.sdvx.in/04/02184h.htm
バンブーソード・ガール,2,https://www.sdvx.in/04/02256h.htm
Bangin' Burst,2,https://www.sdvx.in/03/02169g.htm
Black Emperor,2,https://www.sdvx.in/03/02215g.htm
BLACK or WHITE?,2,https://www.sdvx.in/03/02173g.htm
Growth Memories,2,https://www.sdvx.in/03/02295g.htm
snow storm -euphoria-,2,https://www.sdvx.in/03/02119g.htm
XROSS INFECTION,2,https://www.sdvx.in/03/02125g.htm
大宇宙ステージ,1,https://www.sdvx.in/03/01114g.htm
Ganymede kamome mix,1,https://www.sdvx.in/02/01071i.htm
